Cell ID,Tier,Dimension,Function
1,♠ Singularity,Core Intelligence,Concept Genesis
2,♠ Singularity,Core Intelligence,Recursive Design
3,♠ Singularity,Core Intelligence,AI Integration
4,♠ Singularity,Core Intelligence,Tokenization
5,♠ Singularity,Core Intelligence,Smart Contract Logic
6,♠ Singularity,Core Intelligence,UX/UI Deployment
7,♠ Singularity,Core Intelligence,Payment Rails
8,♠ Singularity,Core Intelligence,Feedback Loops
9,♠ Singularity,Core Intelligence,Self-Healing Logic
10,♠ Singularity,Core Intelligence,Ascension Protocol
11,♠ Singularity,Market Layer,Concept Genesis
12,♠ Singularity,Market Layer,Recursive Design
13,♠ Singularity,Market Layer,AI Integration
14,♠ Singularity,Market Layer,Tokenization
15,♠ Singularity,Market Layer,Smart Contract Logic
16,♠ Singularity,Market Layer,UX/UI Deployment
17,♠ Singularity,Market Layer,Payment Rails
18,♠ Singularity,Market Layer,Feedback Loops
19,♠ Singularity,Market Layer,Self-Healing Logic
20,♠ Singularity,Market Layer,Ascension Protocol
21,♠ Singularity,Revenue Model,Concept Genesis
22,♠ Singularity,Revenue Model,Recursive Design
23,♠ Singularity,Revenue Model,AI Integration
24,♠ Singularity,Revenue Model,Tokenization
25,♠ Singularity,Revenue Model,Smart Contract Logic
26,♠ Singularity,Revenue Model,UX/UI Deployment
27,♠ Singularity,Revenue Model,Payment Rails
28,♠ Singularity,Revenue Model,Feedback Loops
29,♠ Singularity,Revenue Model,Self-Healing Logic
30,♠ Singularity,Revenue Model,Ascension Protocol
31,♠ Singularity,Product Offering,Concept Genesis
32,♠ Singularity,Product Offering,Recursive Design
33,♠ Singularity,Product Offering,AI Integration
34,♠ Singularity,Product Offering,Tokenization
35,♠ Singularity,Product Offering,Smart Contract Logic
36,♠ Singularity,Product Offering,UX/UI Deployment
37,♠ Singularity,Product Offering,Payment Rails
38,♠ Singularity,Product Offering,Feedback Loops
39,♠ Singularity,Product Offering,Self-Healing Logic
40,♠ Singularity,Product Offering,Ascension Protocol
41,♠ Singularity,Platform/Tech,Concept Genesis
42,♠ Singularity,Platform/Tech,Recursive Design
43,♠ Singularity,Platform/Tech,AI Integration
44,♠ Singularity,Platform/Tech,Tokenization
45,♠ Singularity,Platform/Tech,Smart Contract Logic
46,♠ Singularity,Platform/Tech,UX/UI Deployment
47,♠ Singularity,Platform/Tech,Payment Rails
48,♠ Singularity,Platform/Tech,Feedback Loops
49,♠ Singularity,Platform/Tech,Self-Healing Logic
50,♠ Singularity,Platform/Tech,Ascension Protocol
51,♠ Singularity,Sales System,Concept Genesis
52,♠ Singularity,Sales System,Recursive Design
53,♠ Singularity,Sales System,AI Integration
54,♠ Singularity,Sales System,Tokenization
55,♠ Singularity,Sales System,Smart Contract Logic
56,♠ Singularity,Sales System,UX/UI Deployment
57,♠ Singularity,Sales System,Payment Rails
58,♠ Singularity,Sales System,Feedback Loops
59,♠ Singularity,Sales System,Self-Healing Logic
60,♠ Singularity,Sales System,Ascension Protocol
61,♠ Singularity,Legal Structure,Concept Genesis
62,♠ Singularity,Legal Structure,Recursive Design
63,♠ Singularity,Legal Structure,AI Integration
64,♠ Singularity,Legal Structure,Tokenization
65,♠ Singularity,Legal Structure,Smart Contract Logic
66,♠ Singularity,Legal Structure,UX/UI Deployment
67,♠ Singularity,Legal Structure,Payment Rails
68,♠ Singularity,Legal Structure,Feedback Loops
69,♠ Singularity,Legal Structure,Self-Healing Logic
70,♠ Singularity,Legal Structure,Ascension Protocol
71,♠ Singularity,Team Logic,Concept Genesis
72,♠ Singularity,Team Logic,Recursive Design
73,♠ Singularity,Team Logic,AI Integration
74,♠ Singularity,Team Logic,Tokenization
75,♠ Singularity,Team Logic,Smart Contract Logic
76,♠ Singularity,Team Logic,UX/UI Deployment
77,♠ Singularity,Team Logic,Payment Rails
78,♠ Singularity,Team Logic,Feedback Loops
79,♠ Singularity,Team Logic,Self-Healing Logic
80,♠ Singularity,Team Logic,Ascension Protocol
81,♠ Singularity,Scaling Infrastructure,Concept Genesis
82,♠ Singularity,Scaling Infrastructure,Recursive Design
83,♠ Singularity,Scaling Infrastructure,AI Integration
84,♠ Singularity,Scaling Infrastructure,Tokenization
85,♠ Singularity,Scaling Infrastructure,Smart Contract Logic
86,♠ Singularity,Scaling Infrastructure,UX/UI Deployment
87,♠ Singularity,Scaling Infrastructure,Payment Rails
88,♠ Singularity,Scaling Infrastructure,Feedback Loops
89,♠ Singularity,Scaling Infrastructure,Self-Healing Logic
90,♠ Singularity,Scaling Infrastructure,Ascension Protocol
91,♠ Singularity,Evolution Outcome,Concept Genesis
92,♠ Singularity,Evolution Outcome,Recursive Design
93,♠ Singularity,Evolution Outcome,AI Integration
94,♠ Singularity,Evolution Outcome,Tokenization
95,♠ Singularity,Evolution Outcome,Smart Contract Logic
96,♠ Singularity,Evolution Outcome,UX/UI Deployment
97,♠ Singularity,Evolution Outcome,Payment Rails
98,♠ Singularity,Evolution Outcome,Feedback Loops
99,♠ Singularity,Evolution Outcome,Self-Healing Logic
100,♠ Singularity,Evolution Outcome,Ascension Protocol
101,♣ Dualarity,Core Intelligence,Concept Genesis
102,♣ Dualarity,Core Intelligence,Recursive Design
103,♣ Dualarity,Core Intelligence,AI Integration
104,♣ Dualarity,Core Intelligence,Tokenization
105,♣ Dualarity,Core Intelligence,Smart Contract Logic
106,♣ Dualarity,Core Intelligence,UX/UI Deployment
107,♣ Dualarity,Core Intelligence,Payment Rails
108,♣ Dualarity,Core Intelligence,Feedback Loops
109,♣ Dualarity,Core Intelligence,Self-Healing Logic
110,♣ Dualarity,Core Intelligence,Ascension Protocol
111,♣ Dualarity,Market Layer,Concept Genesis
112,♣ Dualarity,Market Layer,Recursive Design
113,♣ Dualarity,Market Layer,AI Integration
114,♣ Dualarity,Market Layer,Tokenization
115,♣ Dualarity,Market Layer,Smart Contract Logic
116,♣ Dualarity,Market Layer,UX/UI Deployment
117,♣ Dualarity,Market Layer,Payment Rails
118,♣ Dualarity,Market Layer,Feedback Loops
119,♣ Dualarity,Market Layer,Self-Healing Logic
120,♣ Dualarity,Market Layer,Ascension Protocol
121,♣ Dualarity,Revenue Model,Concept Genesis
122,♣ Dualarity,Revenue Model,Recursive Design
123,♣ Dualarity,Revenue Model,AI Integration
124,♣ Dualarity,Revenue Model,Tokenization
125,♣ Dualarity,Revenue Model,Smart Contract Logic
126,♣ Dualarity,Revenue Model,UX/UI Deployment
127,♣ Dualarity,Revenue Model,Payment Rails
128,♣ Dualarity,Revenue Model,Feedback Loops
129,♣ Dualarity,Revenue Model,Self-Healing Logic
130,♣ Dualarity,Revenue Model,Ascension Protocol
131,♣ Dualarity,Product Offering,Concept Genesis
132,♣ Dualarity,Product Offering,Recursive Design
133,♣ Dualarity,Product Offering,AI Integration
134,♣ Dualarity,Product Offering,Tokenization
135,♣ Dualarity,Product Offering,Smart Contract Logic
136,♣ Dualarity,Product Offering,UX/UI Deployment
137,♣ Dualarity,Product Offering,Payment Rails
138,♣ Dualarity,Product Offering,Feedback Loops
139,♣ Dualarity,Product Offering,Self-Healing Logic
140,♣ Dualarity,Product Offering,Ascension Protocol
141,♣ Dualarity,Platform/Tech,Concept Genesis
142,♣ Dualarity,Platform/Tech,Recursive Design
143,♣ Dualarity,Platform/Tech,AI Integration
144,♣ Dualarity,Platform/Tech,Tokenization
145,♣ Dualarity,Platform/Tech,Smart Contract Logic
146,♣ Dualarity,Platform/Tech,UX/UI Deployment
147,♣ Dualarity,Platform/Tech,Payment Rails
148,♣ Dualarity,Platform/Tech,Feedback Loops
149,♣ Dualarity,Platform/Tech,Self-Healing Logic
150,♣ Dualarity,Platform/Tech,Ascension Protocol
151,♣ Dualarity,Sales System,Concept Genesis
152,♣ Dualarity,Sales System,Recursive Design
153,♣ Dualarity,Sales System,AI Integration
154,♣ Dualarity,Sales System,Tokenization
155,♣ Dualarity,Sales System,Smart Contract Logic
156,♣ Dualarity,Sales System,UX/UI Deployment
157,♣ Dualarity,Sales System,Payment Rails
158,♣ Dualarity,Sales System,Feedback Loops
159,♣ Dualarity,Sales System,Self-Healing Logic
160,♣ Dualarity,Sales System,Ascension Protocol
161,♣ Dualarity,Legal Structure,Concept Genesis
162,♣ Dualarity,Legal Structure,Recursive Design
163,♣ Dualarity,Legal Structure,AI Integration
164,♣ Dualarity,Legal Structure,Tokenization
165,♣ Dualarity,Legal Structure,Smart Contract Logic
166,♣ Dualarity,Legal Structure,UX/UI Deployment
167,♣ Dualarity,Legal Structure,Payment Rails
168,♣ Dualarity,Legal Structure,Feedback Loops
169,♣ Dualarity,Legal Structure,Self-Healing Logic
170,♣ Dualarity,Legal Structure,Ascension Protocol
171,♣ Dualarity,Team Logic,Concept Genesis
172,♣ Dualarity,Team Logic,Recursive Design
173,♣ Dualarity,Team Logic,AI Integration
174,♣ Dualarity,Team Logic,Tokenization
175,♣ Dualarity,Team Logic,Smart Contract Logic
176,♣ Dualarity,Team Logic,UX/UI Deployment
177,♣ Dualarity,Team Logic,Payment Rails
178,♣ Dualarity,Team Logic,Feedback Loops
179,♣ Dualarity,Team Logic,Self-Healing Logic
180,♣ Dualarity,Team Logic,Ascension Protocol
181,♣ Dualarity,Scaling Infrastructure,Concept Genesis
182,♣ Dualarity,Scaling Infrastructure,Recursive Design
183,♣ Dualarity,Scaling Infrastructure,AI Integration
184,♣ Dualarity,Scaling Infrastructure,Tokenization
185,♣ Dualarity,Scaling Infrastructure,Smart Contract Logic
186,♣ Dualarity,Scaling Infrastructure,UX/UI Deployment
187,♣ Dualarity,Scaling Infrastructure,Payment Rails
188,♣ Dualarity,Scaling Infrastructure,Feedback Loops
189,♣ Dualarity,Scaling Infrastructure,Self-Healing Logic
190,♣ Dualarity,Scaling Infrastructure,Ascension Protocol
191,♣ Dualarity,Evolution Outcome,Concept Genesis
192,♣ Dualarity,Evolution Outcome,Recursive Design
193,♣ Dualarity,Evolution Outcome,AI Integration
194,♣ Dualarity,Evolution Outcome,Tokenization
195,♣ Dualarity,Evolution Outcome,Smart Contract Logic
196,♣ Dualarity,Evolution Outcome,UX/UI Deployment
197,♣ Dualarity,Evolution Outcome,Payment Rails
198,♣ Dualarity,Evolution Outcome,Feedback Loops
199,♣ Dualarity,Evolution Outcome,Self-Healing Logic
200,♣ Dualarity,Evolution Outcome,Ascension Protocol
201,♥ Thetarity,Core Intelligence,Concept Genesis
202,♥ Thetarity,Core Intelligence,Recursive Design
203,♥ Thetarity,Core Intelligence,AI Integration
204,♥ Thetarity,Core Intelligence,Tokenization
205,♥ Thetarity,Core Intelligence,Smart Contract Logic
206,♥ Thetarity,Core Intelligence,UX/UI Deployment
207,♥ Thetarity,Core Intelligence,Payment Rails
208,♥ Thetarity,Core Intelligence,Feedback Loops
209,♥ Thetarity,Core Intelligence,Self-Healing Logic
210,♥ Thetarity,Core Intelligence,Ascension Protocol
211,♥ Thetarity,Market Layer,Concept Genesis
212,♥ Thetarity,Market Layer,Recursive Design
213,♥ Thetarity,Market Layer,AI Integration
214,♥ Thetarity,Market Layer,Tokenization
215,♥ Thetarity,Market Layer,Smart Contract Logic
216,♥ Thetarity,Market Layer,UX/UI Deployment
217,♥ Thetarity,Market Layer,Payment Rails
218,♥ Thetarity,Market Layer,Feedback Loops
219,♥ Thetarity,Market Layer,Self-Healing Logic
220,♥ Thetarity,Market Layer,Ascension Protocol
221,♥ Thetarity,Revenue Model,Concept Genesis
222,♥ Thetarity,Revenue Model,Recursive Design
223,♥ Thetarity,Revenue Model,AI Integration
224,♥ Thetarity,Revenue Model,Tokenization
225,♥ Thetarity,Revenue Model,Smart Contract Logic
226,♥ Thetarity,Revenue Model,UX/UI Deployment
227,♥ Thetarity,Revenue Model,Payment Rails
228,♥ Thetarity,Revenue Model,Feedback Loops
229,♥ Thetarity,Revenue Model,Self-Healing Logic
230,♥ Thetarity,Revenue Model,Ascension Protocol
231,♥ Thetarity,Product Offering,Concept Genesis
232,♥ Thetarity,Product Offering,Recursive Design
233,♥ Thetarity,Product Offering,AI Integration
234,♥ Thetarity,Product Offering,Tokenization
235,♥ Thetarity,Product Offering,Smart Contract Logic
236,♥ Thetarity,Product Offering,UX/UI Deployment
237,♥ Thetarity,Product Offering,Payment Rails
238,♥ Thetarity,Product Offering,Feedback Loops
239,♥ Thetarity,Product Offering,Self-Healing Logic
240,♥ Thetarity,Product Offering,Ascension Protocol
241,♥ Thetarity,Platform/Tech,Concept Genesis
242,♥ Thetarity,Platform/Tech,Recursive Design
243,♥ Thetarity,Platform/Tech,AI Integration
244,♥ Thetarity,Platform/Tech,Tokenization
245,♥ Thetarity,Platform/Tech,Smart Contract Logic
246,♥ Thetarity,Platform/Tech,UX/UI Deployment
247,♥ Thetarity,Platform/Tech,Payment Rails
248,♥ Thetarity,Platform/Tech,Feedback Loops
249,♥ Thetarity,Platform/Tech,Self-Healing Logic
250,♥ Thetarity,Platform/Tech,Ascension Protocol
251,♥ Thetarity,Sales System,Concept Genesis
252,♥ Thetarity,Sales System,Recursive Design
253,♥ Thetarity,Sales System,AI Integration
254,♥ Thetarity,Sales System,Tokenization
255,♥ Thetarity,Sales System,Smart Contract Logic
256,♥ Thetarity,Sales System,UX/UI Deployment
257,♥ Thetarity,Sales System,Payment Rails
258,♥ Thetarity,Sales System,Feedback Loops
259,♥ Thetarity,Sales System,Self-Healing Logic
260,♥ Thetarity,Sales System,Ascension Protocol
261,♥ Thetarity,Legal Structure,Concept Genesis
262,♥ Thetarity,Legal Structure,Recursive Design
263,♥ Thetarity,Legal Structure,AI Integration
264,♥ Thetarity,Legal Structure,Tokenization
265,♥ Thetarity,Legal Structure,Smart Contract Logic
266,♥ Thetarity,Legal Structure,UX/UI Deployment
267,♥ Thetarity,Legal Structure,Payment Rails
268,♥ Thetarity,Legal Structure,Feedback Loops
269,♥ Thetarity,Legal Structure,Self-Healing Logic
270,♥ Thetarity,Legal Structure,Ascension Protocol
271,♥ Thetarity,Team Logic,Concept Genesis
272,♥ Thetarity,Team Logic,Recursive Design
273,♥ Thetarity,Team Logic,AI Integration
274,♥ Thetarity,Team Logic,Tokenization
275,♥ Thetarity,Team Logic,Smart Contract Logic
276,♥ Thetarity,Team Logic,UX/UI Deployment
277,♥ Thetarity,Team Logic,Payment Rails
278,♥ Thetarity,Team Logic,Feedback Loops
279,♥ Thetarity,Team Logic,Self-Healing Logic
280,♥ Thetarity,Team Logic,Ascension Protocol
281,♥ Thetarity,Scaling Infrastructure,Concept Genesis
282,♥ Thetarity,Scaling Infrastructure,Recursive Design
283,♥ Thetarity,Scaling Infrastructure,AI Integration
284,♥ Thetarity,Scaling Infrastructure,Tokenization
285,♥ Thetarity,Scaling Infrastructure,Smart Contract Logic
286,♥ Thetarity,Scaling Infrastructure,UX/UI Deployment
287,♥ Thetarity,Scaling Infrastructure,Payment Rails
288,♥ Thetarity,Scaling Infrastructure,Feedback Loops
289,♥ Thetarity,Scaling Infrastructure,Self-Healing Logic
290,♥ Thetarity,Scaling Infrastructure,Ascension Protocol
291,♥ Thetarity,Evolution Outcome,Concept Genesis
292,♥ Thetarity,Evolution Outcome,Recursive Design
293,♥ Thetarity,Evolution Outcome,AI Integration
294,♥ Thetarity,Evolution Outcome,Tokenization
295,♥ Thetarity,Evolution Outcome,Smart Contract Logic
296,♥ Thetarity,Evolution Outcome,UX/UI Deployment
297,♥ Thetarity,Evolution Outcome,Payment Rails
298,♥ Thetarity,Evolution Outcome,Feedback Loops
299,♥ Thetarity,Evolution Outcome,Self-Healing Logic
300,♥ Thetarity,Evolution Outcome,Ascension Protocol
301,♦ Quadairity,Core Intelligence,Concept Genesis
302,♦ Quadairity,Core Intelligence,Recursive Design
303,♦ Quadairity,Core Intelligence,AI Integration
304,♦ Quadairity,Core Intelligence,Tokenization
305,♦ Quadairity,Core Intelligence,Smart Contract Logic
306,♦ Quadairity,Core Intelligence,UX/UI Deployment
307,♦ Quadairity,Core Intelligence,Payment Rails
308,♦ Quadairity,Core Intelligence,Feedback Loops
309,♦ Quadairity,Core Intelligence,Self-Healing Logic
310,♦ Quadairity,Core Intelligence,Ascension Protocol
311,♦ Quadairity,Market Layer,Concept Genesis
312,♦ Quadairity,Market Layer,Recursive Design
313,♦ Quadairity,Market Layer,AI Integration
314,♦ Quadairity,Market Layer,Tokenization
315,♦ Quadairity,Market Layer,Smart Contract Logic
316,♦ Quadairity,Market Layer,UX/UI Deployment
317,♦ Quadairity,Market Layer,Payment Rails
318,♦ Quadairity,Market Layer,Feedback Loops
319,♦ Quadairity,Market Layer,Self-Healing Logic
320,♦ Quadairity,Market Layer,Ascension Protocol
321,♦ Quadairity,Revenue Model,Concept Genesis
322,♦ Quadairity,Revenue Model,Recursive Design
323,♦ Quadairity,Revenue Model,AI Integration
324,♦ Quadairity,Revenue Model,Tokenization
325,♦ Quadairity,Revenue Model,Smart Contract Logic
326,♦ Quadairity,Revenue Model,UX/UI Deployment
327,♦ Quadairity,Revenue Model,Payment Rails
328,♦ Quadairity,Revenue Model,Feedback Loops
329,♦ Quadairity,Revenue Model,Self-Healing Logic
330,♦ Quadairity,Revenue Model,Ascension Protocol
331,♦ Quadairity,Product Offering,Concept Genesis
332,♦ Quadairity,Product Offering,Recursive Design
333,♦ Quadairity,Product Offering,AI Integration
334,♦ Quadairity,Product Offering,Tokenization
335,♦ Quadairity,Product Offering,Smart Contract Logic
336,♦ Quadairity,Product Offering,UX/UI Deployment
337,♦ Quadairity,Product Offering,Payment Rails
338,♦ Quadairity,Product Offering,Feedback Loops
339,♦ Quadairity,Product Offering,Self-Healing Logic
340,♦ Quadairity,Product Offering,Ascension Protocol
341,♦ Quadairity,Platform/Tech,Concept Genesis
342,♦ Quadairity,Platform/Tech,Recursive Design
343,♦ Quadairity,Platform/Tech,AI Integration
344,♦ Quadairity,Platform/Tech,Tokenization
345,♦ Quadairity,Platform/Tech,Smart Contract Logic
346,♦ Quadairity,Platform/Tech,UX/UI Deployment
347,♦ Quadairity,Platform/Tech,Payment Rails
348,♦ Quadairity,Platform/Tech,Feedback Loops
349,♦ Quadairity,Platform/Tech,Self-Healing Logic
350,♦ Quadairity,Platform/Tech,Ascension Protocol
351,♦ Quadairity,Sales System,Concept Genesis
352,♦ Quadairity,Sales System,Recursive Design
353,♦ Quadairity,Sales System,AI Integration
354,♦ Quadairity,Sales System,Tokenization
355,♦ Quadairity,Sales System,Smart Contract Logic
356,♦ Quadairity,Sales System,UX/UI Deployment
357,♦ Quadairity,Sales System,Payment Rails
358,♦ Quadairity,Sales System,Feedback Loops
359,♦ Quadairity,Sales System,Self-Healing Logic
360,♦ Quadairity,Sales System,Ascension Protocol
361,♦ Quadairity,Legal Structure,Concept Genesis
362,♦ Quadairity,Legal Structure,Recursive Design
363,♦ Quadairity,Legal Structure,AI Integration
364,♦ Quadairity,Legal Structure,Tokenization
365,♦ Quadairity,Legal Structure,Smart Contract Logic
366,♦ Quadairity,Legal Structure,UX/UI Deployment
367,♦ Quadairity,Legal Structure,Payment Rails
368,♦ Quadairity,Legal Structure,Feedback Loops
369,♦ Quadairity,Legal Structure,Self-Healing Logic
370,♦ Quadairity,Legal Structure,Ascension Protocol
371,♦ Quadairity,Team Logic,Concept Genesis
372,♦ Quadairity,Team Logic,Recursive Design
373,♦ Quadairity,Team Logic,AI Integration
374,♦ Quadairity,Team Logic,Tokenization
375,♦ Quadairity,Team Logic,Smart Contract Logic
376,♦ Quadairity,Team Logic,UX/UI Deployment
377,♦ Quadairity,Team Logic,Payment Rails
378,♦ Quadairity,Team Logic,Feedback Loops
379,♦ Quadairity,Team Logic,Self-Healing Logic
380,♦ Quadairity,Team Logic,Ascension Protocol
381,♦ Quadairity,Scaling Infrastructure,Concept Genesis
382,♦ Quadairity,Scaling Infrastructure,Recursive Design
383,♦ Quadairity,Scaling Infrastructure,AI Integration
384,♦ Quadairity,Scaling Infrastructure,Tokenization
385,♦ Quadairity,Scaling Infrastructure,Smart Contract Logic
386,♦ Quadairity,Scaling Infrastructure,UX/UI Deployment
387,♦ Quadairity,Scaling Infrastructure,Payment Rails
388,♦ Quadairity,Scaling Infrastructure,Feedback Loops
389,♦ Quadairity,Scaling Infrastructure,Self-Healing Logic
390,♦ Quadairity,Scaling Infrastructure,Ascension Protocol
391,♦ Quadairity,Evolution Outcome,Concept Genesis
392,♦ Quadairity,Evolution Outcome,Recursive Design
393,♦ Quadairity,Evolution Outcome,AI Integration
394,♦ Quadairity,Evolution Outcome,Tokenization
395,♦ Quadairity,Evolution Outcome,Smart Contract Logic
396,♦ Quadairity,Evolution Outcome,UX/UI Deployment
397,♦ Quadairity,Evolution Outcome,Payment Rails
398,♦ Quadairity,Evolution Outcome,Feedback Loops
399,♦ Quadairity,Evolution Outcome,Self-Healing Logic
400,♦ Quadairity,Evolution Outcome,Ascension Protocol
401,⚛ Quixarity,Core Intelligence,Concept Genesis
402,⚛ Quixarity,Core Intelligence,Recursive Design
403,⚛ Quixarity,Core Intelligence,AI Integration
404,⚛ Quixarity,Core Intelligence,Tokenization
405,⚛ Quixarity,Core Intelligence,Smart Contract Logic
406,⚛ Quixarity,Core Intelligence,UX/UI Deployment
407,⚛ Quixarity,Core Intelligence,Payment Rails
408,⚛ Quixarity,Core Intelligence,Feedback Loops
409,⚛ Quixarity,Core Intelligence,Self-Healing Logic
410,⚛ Quixarity,Core Intelligence,Ascension Protocol
411,⚛ Quixarity,Market Layer,Concept Genesis
412,⚛ Quixarity,Market Layer,Recursive Design
413,⚛ Quixarity,Market Layer,AI Integration
414,⚛ Quixarity,Market Layer,Tokenization
415,⚛ Quixarity,Market Layer,Smart Contract Logic
416,⚛ Quixarity,Market Layer,UX/UI Deployment
417,⚛ Quixarity,Market Layer,Payment Rails
418,⚛ Quixarity,Market Layer,Feedback Loops
419,⚛ Quixarity,Market Layer,Self-Healing Logic
420,⚛ Quixarity,Market Layer,Ascension Protocol
421,⚛ Quixarity,Revenue Model,Concept Genesis
422,⚛ Quixarity,Revenue Model,Recursive Design
423,⚛ Quixarity,Revenue Model,AI Integration
424,⚛ Quixarity,Revenue Model,Tokenization
425,⚛ Quixarity,Revenue Model,Smart Contract Logic
426,⚛ Quixarity,Revenue Model,UX/UI Deployment
427,⚛ Quixarity,Revenue Model,Payment Rails
428,⚛ Quixarity,Revenue Model,Feedback Loops
429,⚛ Quixarity,Revenue Model,Self-Healing Logic
430,⚛ Quixarity,Revenue Model,Ascension Protocol
431,⚛ Quixarity,Product Offering,Concept Genesis
432,⚛ Quixarity,Product Offering,Recursive Design
433,⚛ Quixarity,Product Offering,AI Integration
434,⚛ Quixarity,Product Offering,Tokenization
435,⚛ Quixarity,Product Offering,Smart Contract Logic
436,⚛ Quixarity,Product Offering,UX/UI Deployment
437,⚛ Quixarity,Product Offering,Payment Rails
438,⚛ Quixarity,Product Offering,Feedback Loops
439,⚛ Quixarity,Product Offering,Self-Healing Logic
440,⚛ Quixarity,Product Offering,Ascension Protocol
441,⚛ Quixarity,Platform/Tech,Concept Genesis
442,⚛ Quixarity,Platform/Tech,Recursive Design
443,⚛ Quixarity,Platform/Tech,AI Integration
444,⚛ Quixarity,Platform/Tech,Tokenization
445,⚛ Quixarity,Platform/Tech,Smart Contract Logic
446,⚛ Quixarity,Platform/Tech,UX/UI Deployment
447,⚛ Quixarity,Platform/Tech,Payment Rails
448,⚛ Quixarity,Platform/Tech,Feedback Loops
449,⚛ Quixarity,Platform/Tech,Self-Healing Logic
450,⚛ Quixarity,Platform/Tech,Ascension Protocol
451,⚛ Quixarity,Sales System,Concept Genesis
452,⚛ Quixarity,Sales System,Recursive Design
453,⚛ Quixarity,Sales System,AI Integration
454,⚛ Quixarity,Sales System,Tokenization
455,⚛ Quixarity,Sales System,Smart Contract Logic
456,⚛ Quixarity,Sales System,UX/UI Deployment
457,⚛ Quixarity,Sales System,Payment Rails
458,⚛ Quixarity,Sales System,Feedback Loops
459,⚛ Quixarity,Sales System,Self-Healing Logic
460,⚛ Quixarity,Sales System,Ascension Protocol
461,⚛ Quixarity,Legal Structure,Concept Genesis
462,⚛ Quixarity,Legal Structure,Recursive Design
463,⚛ Quixarity,Legal Structure,AI Integration
464,⚛ Quixarity,Legal Structure,Tokenization
465,⚛ Quixarity,Legal Structure,Smart Contract Logic
466,⚛ Quixarity,Legal Structure,UX/UI Deployment
467,⚛ Quixarity,Legal Structure,Payment Rails
468,⚛ Quixarity,Legal Structure,Feedback Loops
469,⚛ Quixarity,Legal Structure,Self-Healing Logic
470,⚛ Quixarity,Legal Structure,Ascension Protocol
471,⚛ Quixarity,Team Logic,Concept Genesis
472,⚛ Quixarity,Team Logic,Recursive Design
473,⚛ Quixarity,Team Logic,AI Integration
474,⚛ Quixarity,Team Logic,Tokenization
475,⚛ Quixarity,Team Logic,Smart Contract Logic
476,⚛ Quixarity,Team Logic,UX/UI Deployment
477,⚛ Quixarity,Team Logic,Payment Rails
478,⚛ Quixarity,Team Logic,Feedback Loops
479,⚛ Quixarity,Team Logic,Self-Healing Logic
480,⚛ Quixarity,Team Logic,Ascension Protocol
481,⚛ Quixarity,Scaling Infrastructure,Concept Genesis
482,⚛ Quixarity,Scaling Infrastructure,Recursive Design
483,⚛ Quixarity,Scaling Infrastructure,AI Integration
484,⚛ Quixarity,Scaling Infrastructure,Tokenization
485,⚛ Quixarity,Scaling Infrastructure,Smart Contract Logic
486,⚛ Quixarity,Scaling Infrastructure,UX/UI Deployment
487,⚛ Quixarity,Scaling Infrastructure,Payment Rails
488,⚛ Quixarity,Scaling Infrastructure,Feedback Loops
489,⚛ Quixarity,Scaling Infrastructure,Self-Healing Logic
490,⚛ Quixarity,Scaling Infrastructure,Ascension Protocol
491,⚛ Quixarity,Evolution Outcome,Concept Genesis
492,⚛ Quixarity,Evolution Outcome,Recursive Design
493,⚛ Quixarity,Evolution Outcome,AI Integration
494,⚛ Quixarity,Evolution Outcome,Tokenization
495,⚛ Quixarity,Evolution Outcome,Smart Contract Logic
496,⚛ Quixarity,Evolution Outcome,UX/UI Deployment
497,⚛ Quixarity,Evolution Outcome,Payment Rails
498,⚛ Quixarity,Evolution Outcome,Feedback Loops
499,⚛ Quixarity,Evolution Outcome,Self-Healing Logic
500,⚛ Quixarity,Evolution Outcome,Ascension Protocol
501,✦ Hexarity,Core Intelligence,Concept Genesis
502,✦ Hexarity,Core Intelligence,Recursive Design
503,✦ Hexarity,Core Intelligence,AI Integration
504,✦ Hexarity,Core Intelligence,Tokenization
505,✦ Hexarity,Core Intelligence,Smart Contract Logic
506,✦ Hexarity,Core Intelligence,UX/UI Deployment
507,✦ Hexarity,Core Intelligence,Payment Rails
508,✦ Hexarity,Core Intelligence,Feedback Loops
509,✦ Hexarity,Core Intelligence,Self-Healing Logic
510,✦ Hexarity,Core Intelligence,Ascension Protocol
511,✦ Hexarity,Market Layer,Concept Genesis
512,✦ Hexarity,Market Layer,Recursive Design
513,✦ Hexarity,Market Layer,AI Integration
514,✦ Hexarity,Market Layer,Tokenization
515,✦ Hexarity,Market Layer,Smart Contract Logic
516,✦ Hexarity,Market Layer,UX/UI Deployment
517,✦ Hexarity,Market Layer,Payment Rails
518,✦ Hexarity,Market Layer,Feedback Loops
519,✦ Hexarity,Market Layer,Self-Healing Logic
520,✦ Hexarity,Market Layer,Ascension Protocol
521,✦ Hexarity,Revenue Model,Concept Genesis
522,✦ Hexarity,Revenue Model,Recursive Design
523,✦ Hexarity,Revenue Model,AI Integration
524,✦ Hexarity,Revenue Model,Tokenization
525,✦ Hexarity,Revenue Model,Smart Contract Logic
526,✦ Hexarity,Revenue Model,UX/UI Deployment
527,✦ Hexarity,Revenue Model,Payment Rails
528,✦ Hexarity,Revenue Model,Feedback Loops
529,✦ Hexarity,Revenue Model,Self-Healing Logic
530,✦ Hexarity,Revenue Model,Ascension Protocol
531,✦ Hexarity,Product Offering,Concept Genesis
532,✦ Hexarity,Product Offering,Recursive Design
533,✦ Hexarity,Product Offering,AI Integration
534,✦ Hexarity,Product Offering,Tokenization
535,✦ Hexarity,Product Offering,Smart Contract Logic
536,✦ Hexarity,Product Offering,UX/UI Deployment
537,✦ Hexarity,Product Offering,Payment Rails
538,✦ Hexarity,Product Offering,Feedback Loops
539,✦ Hexarity,Product Offering,Self-Healing Logic
540,✦ Hexarity,Product Offering,Ascension Protocol
541,✦ Hexarity,Platform/Tech,Concept Genesis
542,✦ Hexarity,Platform/Tech,Recursive Design
543,✦ Hexarity,Platform/Tech,AI Integration
544,✦ Hexarity,Platform/Tech,Tokenization
545,✦ Hexarity,Platform/Tech,Smart Contract Logic
546,✦ Hexarity,Platform/Tech,UX/UI Deployment
547,✦ Hexarity,Platform/Tech,Payment Rails
548,✦ Hexarity,Platform/Tech,Feedback Loops
549,✦ Hexarity,Platform/Tech,Self-Healing Logic
550,✦ Hexarity,Platform/Tech,Ascension Protocol
551,✦ Hexarity,Sales System,Concept Genesis
552,✦ Hexarity,Sales System,Recursive Design
553,✦ Hexarity,Sales System,AI Integration
554,✦ Hexarity,Sales System,Tokenization
555,✦ Hexarity,Sales System,Smart Contract Logic
556,✦ Hexarity,Sales System,UX/UI Deployment
557,✦ Hexarity,Sales System,Payment Rails
558,✦ Hexarity,Sales System,Feedback Loops
559,✦ Hexarity,Sales System,Self-Healing Logic
560,✦ Hexarity,Sales System,Ascension Protocol
561,✦ Hexarity,Legal Structure,Concept Genesis
562,✦ Hexarity,Legal Structure,Recursive Design
563,✦ Hexarity,Legal Structure,AI Integration
564,✦ Hexarity,Legal Structure,Tokenization
565,✦ Hexarity,Legal Structure,Smart Contract Logic
566,✦ Hexarity,Legal Structure,UX/UI Deployment
567,✦ Hexarity,Legal Structure,Payment Rails
568,✦ Hexarity,Legal Structure,Feedback Loops
569,✦ Hexarity,Legal Structure,Self-Healing Logic
570,✦ Hexarity,Legal Structure,Ascension Protocol
571,✦ Hexarity,Team Logic,Concept Genesis
572,✦ Hexarity,Team Logic,Recursive Design
573,✦ Hexarity,Team Logic,AI Integration
574,✦ Hexarity,Team Logic,Tokenization
575,✦ Hexarity,Team Logic,Smart Contract Logic
576,✦ Hexarity,Team Logic,UX/UI Deployment
577,✦ Hexarity,Team Logic,Payment Rails
578,✦ Hexarity,Team Logic,Feedback Loops
579,✦ Hexarity,Team Logic,Self-Healing Logic
580,✦ Hexarity,Team Logic,Ascension Protocol
581,✦ Hexarity,Scaling Infrastructure,Concept Genesis
582,✦ Hexarity,Scaling Infrastructure,Recursive Design
583,✦ Hexarity,Scaling Infrastructure,AI Integration
584,✦ Hexarity,Scaling Infrastructure,Tokenization
585,✦ Hexarity,Scaling Infrastructure,Smart Contract Logic
586,✦ Hexarity,Scaling Infrastructure,UX/UI Deployment
587,✦ Hexarity,Scaling Infrastructure,Payment Rails
588,✦ Hexarity,Scaling Infrastructure,Feedback Loops
589,✦ Hexarity,Scaling Infrastructure,Self-Healing Logic
590,✦ Hexarity,Scaling Infrastructure,Ascension Protocol
591,✦ Hexarity,Evolution Outcome,Concept Genesis
592,✦ Hexarity,Evolution Outcome,Recursive Design
593,✦ Hexarity,Evolution Outcome,AI Integration
594,✦ Hexarity,Evolution Outcome,Tokenization
595,✦ Hexarity,Evolution Outcome,Smart Contract Logic
596,✦ Hexarity,Evolution Outcome,UX/UI Deployment
597,✦ Hexarity,Evolution Outcome,Payment Rails
598,✦ Hexarity,Evolution Outcome,Feedback Loops
599,✦ Hexarity,Evolution Outcome,Self-Healing Logic
600,✦ Hexarity,Evolution Outcome,Ascension Protocol
601,✪ Septarity,Core Intelligence,Concept Genesis
602,✪ Septarity,Core Intelligence,Recursive Design
603,✪ Septarity,Core Intelligence,AI Integration
604,✪ Septarity,Core Intelligence,Tokenization
605,✪ Septarity,Core Intelligence,Smart Contract Logic
606,✪ Septarity,Core Intelligence,UX/UI Deployment
607,✪ Septarity,Core Intelligence,Payment Rails
608,✪ Septarity,Core Intelligence,Feedback Loops
609,✪ Septarity,Core Intelligence,Self-Healing Logic
610,✪ Septarity,Core Intelligence,Ascension Protocol
611,✪ Septarity,Market Layer,Concept Genesis
612,✪ Septarity,Market Layer,Recursive Design
613,✪ Septarity,Market Layer,AI Integration
614,✪ Septarity,Market Layer,Tokenization
615,✪ Septarity,Market Layer,Smart Contract Logic
616,✪ Septarity,Market Layer,UX/UI Deployment
617,✪ Septarity,Market Layer,Payment Rails
618,✪ Septarity,Market Layer,Feedback Loops
619,✪ Septarity,Market Layer,Self-Healing Logic
620,✪ Septarity,Market Layer,Ascension Protocol
621,✪ Septarity,Revenue Model,Concept Genesis
622,✪ Septarity,Revenue Model,Recursive Design
623,✪ Septarity,Revenue Model,AI Integration
624,✪ Septarity,Revenue Model,Tokenization
625,✪ Septarity,Revenue Model,Smart Contract Logic
626,✪ Septarity,Revenue Model,UX/UI Deployment
627,✪ Septarity,Revenue Model,Payment Rails
628,✪ Septarity,Revenue Model,Feedback Loops
629,✪ Septarity,Revenue Model,Self-Healing Logic
630,✪ Septarity,Revenue Model,Ascension Protocol
631,✪ Septarity,Product Offering,Concept Genesis
632,✪ Septarity,Product Offering,Recursive Design
633,✪ Septarity,Product Offering,AI Integration
634,✪ Septarity,Product Offering,Tokenization
635,✪ Septarity,Product Offering,Smart Contract Logic
636,✪ Septarity,Product Offering,UX/UI Deployment
637,✪ Septarity,Product Offering,Payment Rails
638,✪ Septarity,Product Offering,Feedback Loops
639,✪ Septarity,Product Offering,Self-Healing Logic
640,✪ Septarity,Product Offering,Ascension Protocol
641,✪ Septarity,Platform/Tech,Concept Genesis
642,✪ Septarity,Platform/Tech,Recursive Design
643,✪ Septarity,Platform/Tech,AI Integration
644,✪ Septarity,Platform/Tech,Tokenization
645,✪ Septarity,Platform/Tech,Smart Contract Logic
646,✪ Septarity,Platform/Tech,UX/UI Deployment
647,✪ Septarity,Platform/Tech,Payment Rails
648,✪ Septarity,Platform/Tech,Feedback Loops
649,✪ Septarity,Platform/Tech,Self-Healing Logic
650,✪ Septarity,Platform/Tech,Ascension Protocol
651,✪ Septarity,Sales System,Concept Genesis
652,✪ Septarity,Sales System,Recursive Design
653,✪ Septarity,Sales System,AI Integration
654,✪ Septarity,Sales System,Tokenization
655,✪ Septarity,Sales System,Smart Contract Logic
656,✪ Septarity,Sales System,UX/UI Deployment
657,✪ Septarity,Sales System,Payment Rails
658,✪ Septarity,Sales System,Feedback Loops
659,✪ Septarity,Sales System,Self-Healing Logic
660,✪ Septarity,Sales System,Ascension Protocol
661,✪ Septarity,Legal Structure,Concept Genesis
662,✪ Septarity,Legal Structure,Recursive Design
663,✪ Septarity,Legal Structure,AI Integration
664,✪ Septarity,Legal Structure,Tokenization
665,✪ Septarity,Legal Structure,Smart Contract Logic
666,✪ Septarity,Legal Structure,UX/UI Deployment
667,✪ Septarity,Legal Structure,Payment Rails
668,✪ Septarity,Legal Structure,Feedback Loops
669,✪ Septarity,Legal Structure,Self-Healing Logic
670,✪ Septarity,Legal Structure,Ascension Protocol
671,✪ Septarity,Team Logic,Concept Genesis
672,✪ Septarity,Team Logic,Recursive Design
673,✪ Septarity,Team Logic,AI Integration
674,✪ Septarity,Team Logic,Tokenization
675,✪ Septarity,Team Logic,Smart Contract Logic
676,✪ Septarity,Team Logic,UX/UI Deployment
677,✪ Septarity,Team Logic,Payment Rails
678,✪ Septarity,Team Logic,Feedback Loops
679,✪ Septarity,Team Logic,Self-Healing Logic
680,✪ Septarity,Team Logic,Ascension Protocol
681,✪ Septarity,Scaling Infrastructure,Concept Genesis
682,✪ Septarity,Scaling Infrastructure,Recursive Design
683,✪ Septarity,Scaling Infrastructure,AI Integration
684,✪ Septarity,Scaling Infrastructure,Tokenization
685,✪ Septarity,Scaling Infrastructure,Smart Contract Logic
686,✪ Septarity,Scaling Infrastructure,UX/UI Deployment
687,✪ Septarity,Scaling Infrastructure,Payment Rails
688,✪ Septarity,Scaling Infrastructure,Feedback Loops
689,✪ Septarity,Scaling Infrastructure,Self-Healing Logic
690,✪ Septarity,Scaling Infrastructure,Ascension Protocol
691,✪ Septarity,Evolution Outcome,Concept Genesis
692,✪ Septarity,Evolution Outcome,Recursive Design
693,✪ Septarity,Evolution Outcome,AI Integration
694,✪ Septarity,Evolution Outcome,Tokenization
695,✪ Septarity,Evolution Outcome,Smart Contract Logic
696,✪ Septarity,Evolution Outcome,UX/UI Deployment
697,✪ Septarity,Evolution Outcome,Payment Rails
698,✪ Septarity,Evolution Outcome,Feedback Loops
699,✪ Septarity,Evolution Outcome,Self-Healing Logic
700,✪ Septarity,Evolution Outcome,Ascension Protocol
701,✵ Octarity,Core Intelligence,Concept Genesis
702,✵ Octarity,Core Intelligence,Recursive Design
703,✵ Octarity,Core Intelligence,AI Integration
704,✵ Octarity,Core Intelligence,Tokenization
705,✵ Octarity,Core Intelligence,Smart Contract Logic
706,✵ Octarity,Core Intelligence,UX/UI Deployment
707,✵ Octarity,Core Intelligence,Payment Rails
708,✵ Octarity,Core Intelligence,Feedback Loops
709,✵ Octarity,Core Intelligence,Self-Healing Logic
710,✵ Octarity,Core Intelligence,Ascension Protocol
711,✵ Octarity,Market Layer,Concept Genesis
712,✵ Octarity,Market Layer,Recursive Design
713,✵ Octarity,Market Layer,AI Integration
714,✵ Octarity,Market Layer,Tokenization
715,✵ Octarity,Market Layer,Smart Contract Logic
716,✵ Octarity,Market Layer,UX/UI Deployment
717,✵ Octarity,Market Layer,Payment Rails
718,✵ Octarity,Market Layer,Feedback Loops
719,✵ Octarity,Market Layer,Self-Healing Logic
720,✵ Octarity,Market Layer,Ascension Protocol
721,✵ Octarity,Revenue Model,Concept Genesis
722,✵ Octarity,Revenue Model,Recursive Design
723,✵ Octarity,Revenue Model,AI Integration
724,✵ Octarity,Revenue Model,Tokenization
725,✵ Octarity,Revenue Model,Smart Contract Logic
726,✵ Octarity,Revenue Model,UX/UI Deployment
727,✵ Octarity,Revenue Model,Payment Rails
728,✵ Octarity,Revenue Model,Feedback Loops
729,✵ Octarity,Revenue Model,Self-Healing Logic
730,✵ Octarity,Revenue Model,Ascension Protocol
731,✵ Octarity,Product Offering,Concept Genesis
732,✵ Octarity,Product Offering,Recursive Design
733,✵ Octarity,Product Offering,AI Integration
734,✵ Octarity,Product Offering,Tokenization
735,✵ Octarity,Product Offering,Smart Contract Logic
736,✵ Octarity,Product Offering,UX/UI Deployment
737,✵ Octarity,Product Offering,Payment Rails
738,✵ Octarity,Product Offering,Feedback Loops
739,✵ Octarity,Product Offering,Self-Healing Logic
740,✵ Octarity,Product Offering,Ascension Protocol
741,✵ Octarity,Platform/Tech,Concept Genesis
742,✵ Octarity,Platform/Tech,Recursive Design
743,✵ Octarity,Platform/Tech,AI Integration
744,✵ Octarity,Platform/Tech,Tokenization
745,✵ Octarity,Platform/Tech,Smart Contract Logic
746,✵ Octarity,Platform/Tech,UX/UI Deployment
747,✵ Octarity,Platform/Tech,Payment Rails
748,✵ Octarity,Platform/Tech,Feedback Loops
749,✵ Octarity,Platform/Tech,Self-Healing Logic
750,✵ Octarity,Platform/Tech,Ascension Protocol
751,✵ Octarity,Sales System,Concept Genesis
752,✵ Octarity,Sales System,Recursive Design
753,✵ Octarity,Sales System,AI Integration
754,✵ Octarity,Sales System,Tokenization
755,✵ Octarity,Sales System,Smart Contract Logic
756,✵ Octarity,Sales System,UX/UI Deployment
757,✵ Octarity,Sales System,Payment Rails
758,✵ Octarity,Sales System,Feedback Loops
759,✵ Octarity,Sales System,Self-Healing Logic
760,✵ Octarity,Sales System,Ascension Protocol
761,✵ Octarity,Legal Structure,Concept Genesis
762,✵ Octarity,Legal Structure,Recursive Design
763,✵ Octarity,Legal Structure,AI Integration
764,✵ Octarity,Legal Structure,Tokenization
765,✵ Octarity,Legal Structure,Smart Contract Logic
766,✵ Octarity,Legal Structure,UX/UI Deployment
767,✵ Octarity,Legal Structure,Payment Rails
768,✵ Octarity,Legal Structure,Feedback Loops
769,✵ Octarity,Legal Structure,Self-Healing Logic
770,✵ Octarity,Legal Structure,Ascension Protocol
771,✵ Octarity,Team Logic,Concept Genesis
772,✵ Octarity,Team Logic,Recursive Design
773,✵ Octarity,Team Logic,AI Integration
774,✵ Octarity,Team Logic,Tokenization
775,✵ Octarity,Team Logic,Smart Contract Logic
776,✵ Octarity,Team Logic,UX/UI Deployment
777,✵ Octarity,Team Logic,Payment Rails
778,✵ Octarity,Team Logic,Feedback Loops
779,✵ Octarity,Team Logic,Self-Healing Logic
780,✵ Octarity,Team Logic,Ascension Protocol
781,✵ Octarity,Scaling Infrastructure,Concept Genesis
782,✵ Octarity,Scaling Infrastructure,Recursive Design
783,✵ Octarity,Scaling Infrastructure,AI Integration
784,✵ Octarity,Scaling Infrastructure,Tokenization
785,✵ Octarity,Scaling Infrastructure,Smart Contract Logic
786,✵ Octarity,Scaling Infrastructure,UX/UI Deployment
787,✵ Octarity,Scaling Infrastructure,Payment Rails
788,✵ Octarity,Scaling Infrastructure,Feedback Loops
789,✵ Octarity,Scaling Infrastructure,Self-Healing Logic
790,✵ Octarity,Scaling Infrastructure,Ascension Protocol
791,✵ Octarity,Evolution Outcome,Concept Genesis
792,✵ Octarity,Evolution Outcome,Recursive Design
793,✵ Octarity,Evolution Outcome,AI Integration
794,✵ Octarity,Evolution Outcome,Tokenization
795,✵ Octarity,Evolution Outcome,Smart Contract Logic
796,✵ Octarity,Evolution Outcome,UX/UI Deployment
797,✵ Octarity,Evolution Outcome,Payment Rails
798,✵ Octarity,Evolution Outcome,Feedback Loops
799,✵ Octarity,Evolution Outcome,Self-Healing Logic
800,✵ Octarity,Evolution Outcome,Ascension Protocol
801,☯ Noctararity,Core Intelligence,Concept Genesis
802,☯ Noctararity,Core Intelligence,Recursive Design
803,☯ Noctararity,Core Intelligence,AI Integration
804,☯ Noctararity,Core Intelligence,Tokenization
805,☯ Noctararity,Core Intelligence,Smart Contract Logic
806,☯ Noctararity,Core Intelligence,UX/UI Deployment
807,☯ Noctararity,Core Intelligence,Payment Rails
808,☯ Noctararity,Core Intelligence,Feedback Loops
809,☯ Noctararity,Core Intelligence,Self-Healing Logic
810,☯ Noctararity,Core Intelligence,Ascension Protocol
811,☯ Noctararity,Market Layer,Concept Genesis
812,☯ Noctararity,Market Layer,Recursive Design
813,☯ Noctararity,Market Layer,AI Integration
814,☯ Noctararity,Market Layer,Tokenization
815,☯ Noctararity,Market Layer,Smart Contract Logic
816,☯ Noctararity,Market Layer,UX/UI Deployment
817,☯ Noctararity,Market Layer,Payment Rails
818,☯ Noctararity,Market Layer,Feedback Loops
819,☯ Noctararity,Market Layer,Self-Healing Logic
820,☯ Noctararity,Market Layer,Ascension Protocol
821,☯ Noctararity,Revenue Model,Concept Genesis
822,☯ Noctararity,Revenue Model,Recursive Design
823,☯ Noctararity,Revenue Model,AI Integration
824,☯ Noctararity,Revenue Model,Tokenization
825,☯ Noctararity,Revenue Model,Smart Contract Logic
826,☯ Noctararity,Revenue Model,UX/UI Deployment
827,☯ Noctararity,Revenue Model,Payment Rails
828,☯ Noctararity,Revenue Model,Feedback Loops
829,☯ Noctararity,Revenue Model,Self-Healing Logic
830,☯ Noctararity,Revenue Model,Ascension Protocol
831,☯ Noctararity,Product Offering,Concept Genesis
832,☯ Noctararity,Product Offering,Recursive Design
833,☯ Noctararity,Product Offering,AI Integration
834,☯ Noctararity,Product Offering,Tokenization
835,☯ Noctararity,Product Offering,Smart Contract Logic
836,☯ Noctararity,Product Offering,UX/UI Deployment
837,☯ Noctararity,Product Offering,Payment Rails
838,☯ Noctararity,Product Offering,Feedback Loops
839,☯ Noctararity,Product Offering,Self-Healing Logic
840,☯ Noctararity,Product Offering,Ascension Protocol
841,☯ Noctararity,Platform/Tech,Concept Genesis
842,☯ Noctararity,Platform/Tech,Recursive Design
843,☯ Noctararity,Platform/Tech,AI Integration
844,☯ Noctararity,Platform/Tech,Tokenization
845,☯ Noctararity,Platform/Tech,Smart Contract Logic
846,☯ Noctararity,Platform/Tech,UX/UI Deployment
847,☯ Noctararity,Platform/Tech,Payment Rails
848,☯ Noctararity,Platform/Tech,Feedback Loops
849,☯ Noctararity,Platform/Tech,Self-Healing Logic
850,☯ Noctararity,Platform/Tech,Ascension Protocol
851,☯ Noctararity,Sales System,Concept Genesis
852,☯ Noctararity,Sales System,Recursive Design
853,☯ Noctararity,Sales System,AI Integration
854,☯ Noctararity,Sales System,Tokenization
855,☯ Noctararity,Sales System,Smart Contract Logic
856,☯ Noctararity,Sales System,UX/UI Deployment
857,☯ Noctararity,Sales System,Payment Rails
858,☯ Noctararity,Sales System,Feedback Loops
859,☯ Noctararity,Sales System,Self-Healing Logic
860,☯ Noctararity,Sales System,Ascension Protocol
861,☯ Noctararity,Legal Structure,Concept Genesis
862,☯ Noctararity,Legal Structure,Recursive Design
863,☯ Noctararity,Legal Structure,AI Integration
864,☯ Noctararity,Legal Structure,Tokenization
865,☯ Noctararity,Legal Structure,Smart Contract Logic
866,☯ Noctararity,Legal Structure,UX/UI Deployment
867,☯ Noctararity,Legal Structure,Payment Rails
868,☯ Noctararity,Legal Structure,Feedback Loops
869,☯ Noctararity,Legal Structure,Self-Healing Logic
870,☯ Noctararity,Legal Structure,Ascension Protocol
871,☯ Noctararity,Team Logic,Concept Genesis
872,☯ Noctararity,Team Logic,Recursive Design
873,☯ Noctararity,Team Logic,AI Integration
874,☯ Noctararity,Team Logic,Tokenization
875,☯ Noctararity,Team Logic,Smart Contract Logic
876,☯ Noctararity,Team Logic,UX/UI Deployment
877,☯ Noctararity,Team Logic,Payment Rails
878,☯ Noctararity,Team Logic,Feedback Loops
879,☯ Noctararity,Team Logic,Self-Healing Logic
880,☯ Noctararity,Team Logic,Ascension Protocol
881,☯ Noctararity,Scaling Infrastructure,Concept Genesis
882,☯ Noctararity,Scaling Infrastructure,Recursive Design
883,☯ Noctararity,Scaling Infrastructure,AI Integration
884,☯ Noctararity,Scaling Infrastructure,Tokenization
885,☯ Noctararity,Scaling Infrastructure,Smart Contract Logic
886,☯ Noctararity,Scaling Infrastructure,UX/UI Deployment
887,☯ Noctararity,Scaling Infrastructure,Payment Rails
888,☯ Noctararity,Scaling Infrastructure,Feedback Loops
889,☯ Noctararity,Scaling Infrastructure,Self-Healing Logic
890,☯ Noctararity,Scaling Infrastructure,Ascension Protocol
891,☯ Noctararity,Evolution Outcome,Concept Genesis
892,☯ Noctararity,Evolution Outcome,Recursive Design
893,☯ Noctararity,Evolution Outcome,AI Integration
894,☯ Noctararity,Evolution Outcome,Tokenization
895,☯ Noctararity,Evolution Outcome,Smart Contract Logic
896,☯ Noctararity,Evolution Outcome,UX/UI Deployment
897,☯ Noctararity,Evolution Outcome,Payment Rails
898,☯ Noctararity,Evolution Outcome,Feedback Loops
899,☯ Noctararity,Evolution Outcome,Self-Healing Logic
900,☯ Noctararity,Evolution Outcome,Ascension Protocol
901,⟁ Decatarity,Core Intelligence,Concept Genesis
902,⟁ Decatarity,Core Intelligence,Recursive Design
903,⟁ Decatarity,Core Intelligence,AI Integration
904,⟁ Decatarity,Core Intelligence,Tokenization
905,⟁ Decatarity,Core Intelligence,Smart Contract Logic
906,⟁ Decatarity,Core Intelligence,UX/UI Deployment
907,⟁ Decatarity,Core Intelligence,Payment Rails
908,⟁ Decatarity,Core Intelligence,Feedback Loops
909,⟁ Decatarity,Core Intelligence,Self-Healing Logic
910,⟁ Decatarity,Core Intelligence,Ascension Protocol
911,⟁ Decatarity,Market Layer,Concept Genesis
912,⟁ Decatarity,Market Layer,Recursive Design
913,⟁ Decatarity,Market Layer,AI Integration
914,⟁ Decatarity,Market Layer,Tokenization
915,⟁ Decatarity,Market Layer,Smart Contract Logic
916,⟁ Decatarity,Market Layer,UX/UI Deployment
917,⟁ Decatarity,Market Layer,Payment Rails
918,⟁ Decatarity,Market Layer,Feedback Loops
919,⟁ Decatarity,Market Layer,Self-Healing Logic
920,⟁ Decatarity,Market Layer,Ascension Protocol
921,⟁ Decatarity,Revenue Model,Concept Genesis
922,⟁ Decatarity,Revenue Model,Recursive Design
923,⟁ Decatarity,Revenue Model,AI Integration
924,⟁ Decatarity,Revenue Model,Tokenization
925,⟁ Decatarity,Revenue Model,Smart Contract Logic
926,⟁ Decatarity,Revenue Model,UX/UI Deployment
927,⟁ Decatarity,Revenue Model,Payment Rails
928,⟁ Decatarity,Revenue Model,Feedback Loops
929,⟁ Decatarity,Revenue Model,Self-Healing Logic
930,⟁ Decatarity,Revenue Model,Ascension Protocol
931,⟁ Decatarity,Product Offering,Concept Genesis
932,⟁ Decatarity,Product Offering,Recursive Design
933,⟁ Decatarity,Product Offering,AI Integration
934,⟁ Decatarity,Product Offering,Tokenization
935,⟁ Decatarity,Product Offering,Smart Contract Logic
936,⟁ Decatarity,Product Offering,UX/UI Deployment
937,⟁ Decatarity,Product Offering,Payment Rails
938,⟁ Decatarity,Product Offering,Feedback Loops
939,⟁ Decatarity,Product Offering,Self-Healing Logic
940,⟁ Decatarity,Product Offering,Ascension Protocol
941,⟁ Decatarity,Platform/Tech,Concept Genesis
942,⟁ Decatarity,Platform/Tech,Recursive Design
943,⟁ Decatarity,Platform/Tech,AI Integration
944,⟁ Decatarity,Platform/Tech,Tokenization
945,⟁ Decatarity,Platform/Tech,Smart Contract Logic
946,⟁ Decatarity,Platform/Tech,UX/UI Deployment
947,⟁ Decatarity,Platform/Tech,Payment Rails
948,⟁ Decatarity,Platform/Tech,Feedback Loops
949,⟁ Decatarity,Platform/Tech,Self-Healing Logic
950,⟁ Decatarity,Platform/Tech,Ascension Protocol
951,⟁ Decatarity,Sales System,Concept Genesis
952,⟁ Decatarity,Sales System,Recursive Design
953,⟁ Decatarity,Sales System,AI Integration
954,⟁ Decatarity,Sales System,Tokenization
955,⟁ Decatarity,Sales System,Smart Contract Logic
956,⟁ Decatarity,Sales System,UX/UI Deployment
957,⟁ Decatarity,Sales System,Payment Rails
958,⟁ Decatarity,Sales System,Feedback Loops
959,⟁ Decatarity,Sales System,Self-Healing Logic
960,⟁ Decatarity,Sales System,Ascension Protocol
961,⟁ Decatarity,Legal Structure,Concept Genesis
962,⟁ Decatarity,Legal Structure,Recursive Design
963,⟁ Decatarity,Legal Structure,AI Integration
964,⟁ Decatarity,Legal Structure,Tokenization
965,⟁ Decatarity,Legal Structure,Smart Contract Logic
966,⟁ Decatarity,Legal Structure,UX/UI Deployment
967,⟁ Decatarity,Legal Structure,Payment Rails
968,⟁ Decatarity,Legal Structure,Feedback Loops
969,⟁ Decatarity,Legal Structure,Self-Healing Logic
970,⟁ Decatarity,Legal Structure,Ascension Protocol
971,⟁ Decatarity,Team Logic,Concept Genesis
972,⟁ Decatarity,Team Logic,Recursive Design
973,⟁ Decatarity,Team Logic,AI Integration
974,⟁ Decatarity,Team Logic,Tokenization
975,⟁ Decatarity,Team Logic,Smart Contract Logic
976,⟁ Decatarity,Team Logic,UX/UI Deployment
977,⟁ Decatarity,Team Logic,Payment Rails
978,⟁ Decatarity,Team Logic,Feedback Loops
979,⟁ Decatarity,Team Logic,Self-Healing Logic
980,⟁ Decatarity,Team Logic,Ascension Protocol
981,⟁ Decatarity,Scaling Infrastructure,Concept Genesis
982,⟁ Decatarity,Scaling Infrastructure,Recursive Design
983,⟁ Decatarity,Scaling Infrastructure,AI Integration
984,⟁ Decatarity,Scaling Infrastructure,Tokenization
985,⟁ Decatarity,Scaling Infrastructure,Smart Contract Logic
986,⟁ Decatarity,Scaling Infrastructure,UX/UI Deployment
987,⟁ Decatarity,Scaling Infrastructure,Payment Rails
988,⟁ Decatarity,Scaling Infrastructure,Feedback Loops
989,⟁ Decatarity,Scaling Infrastructure,Self-Healing Logic
990,⟁ Decatarity,Scaling Infrastructure,Ascension Protocol
991,⟁ Decatarity,Evolution Outcome,Concept Genesis
992,⟁ Decatarity,Evolution Outcome,Recursive Design
993,⟁ Decatarity,Evolution Outcome,AI Integration
994,⟁ Decatarity,Evolution Outcome,Tokenization
995,⟁ Decatarity,Evolution Outcome,Smart Contract Logic
996,⟁ Decatarity,Evolution Outcome,UX/UI Deployment
997,⟁ Decatarity,Evolution Outcome,Payment Rails
998,⟁ Decatarity,Evolution Outcome,Feedback Loops
999,⟁ Decatarity,Evolution Outcome,Self-Healing Logic
1000,⟁ Decatarity,Evolution Outcome,Ascension Protocol
